<?xml version="1.0" encoding="UTF-8"?>
<project-private xmlns="http://www.netbeans.org/ns/project-private/1">
    <editor-bookmarks xmlns="http://www.netbeans.org/ns/editor-bookmarks/2" lastBookmarkId="0"/>
    <open-files xmlns="http://www.netbeans.org/ns/projectui-open-files/2">
        <group>
            <file>file:/C:/Users/Documentos/Desktop/resto-3Sprint/src/menur/MenuR.java</file>
            <file>file:/C:/Users/Documentos/Desktop/resto-3Sprint/src/menur/botones.java</file>
            <file>file:/C:/Users/Documentos/Desktop/resto-3Sprint/src/vista/Vista.java</file>
            <file>file:/C:/Users/Documentos/Desktop/resto-3Sprint/src/crudmvc/Coma.java</file>
            <file>file:/C:/Users/Documentos/Desktop/resto-3Sprint/src/vista/Pedido.java</file>
            <file>file:/C:/Users/Documentos/Desktop/resto-3Sprint/src/modelo/PersonaDAO.java</file>
            <file>file:/C:/Users/Documentos/Desktop/resto-3Sprint/src/modelo/Producto.java</file>
            <file>file:/C:/Users/Documentos/Desktop/resto-3Sprint/src/vista/Mesas.java</file>
            <file>file:/C:/Users/Documentos/Desktop/resto-3Sprint/src/modelo/Consulta.java</file>
            <file>file:/C:/Users/Documentos/Desktop/resto-3Sprint/src/modelo/Mesero.java</file>
            <file>file:/C:/Users/Documentos/Desktop/resto-3Sprint/src/vista/FrmGraficas.java</file>
            <file>file:/C:/Users/Documentos/Desktop/resto-3Sprint/src/controlador/Controlador.java</file>
            <file>file:/C:/Users/Documentos/Desktop/resto-3Sprint/src/modelo/Conexion.java</file>
            <file>file:/C:/Users/Documentos/Desktop/resto-3Sprint/src/modelo/GraficaComida.java</file>
            <file>file:/C:/Users/Documentos/Desktop/resto-3Sprint/src/crudmvc/CrudMvc.java</file>
            <file>file:/C:/Users/Documentos/Desktop/resto-3Sprint/src/vista/JFCrud.java</file>
            <file>file:/C:/Users/Documentos/Desktop/resto-3Sprint/src/imagenes/gettyimages-695527652-170x170.jpg</file>
            <file>file:/C:/Users/Documentos/Desktop/resto-3Sprint/src/controlador/ControladorCrud.java</file>
        </group>
    </open-files>
</project-private>
